from_codon,to_codon,from_aa,to_aa,n_subs
TTT,TTC,F,F,1
TTT,TTA,F,L,1
TTT,TTG,F,L,1
TTT,TCT,F,S,1
TTT,TAT,F,Y,1
TTT,TGT,F,C,1
TTT,CTT,F,L,1
TTT,ATT,F,I,1
TTT,GTT,F,V,1
TTC,TTT,F,F,1
TTC,TTA,F,L,1
TTC,TTG,F,L,1
TTC,TCC,F,S,1
TTC,TAC,F,Y,1
TTC,TGC,F,C,1
TTC,CTC,F,L,1
TTC,ATC,F,I,1
TTC,GTC,F,V,1
TTA,TTT,L,F,1
TTA,TTC,L,F,1
TTA,TTG,L,L,1
TTA,TCA,L,S,1
TTA,CTA,L,L,1
TTA,ATA,L,I,1
TTA,GTA,L,V,1
TTG,TTT,L,F,1
TTG,TTC,L,F,1
TTG,TTA,L,L,1
TTG,TCG,L,S,1
TTG,TGG,L,W,1
TTG,CTG,L,L,1
TTG,ATG,L,M,1
TTG,GTG,L,V,1
TCT,TTT,S,F,1
TCT,TCC,S,S,1
TCT,TCA,S,S,1
TCT,TCG,S,S,1
TCT,TAT,S,Y,1
TCT,TGT,S,C,1
TCT,CCT,S,P,1
TCT,ACT,S,T,1
TCT,GCT,S,A,1
TCC,TTC,S,F,1
TCC,TCT,S,S,1
TCC,TCA,S,S,1
TCC,TCG,S,S,1
TCC,TAC,S,Y,1
TCC,TGC,S,C,1
TCC,CCC,S,P,1
TCC,ACC,S,T,1
TCC,GCC,S,A,1
TCA,TTA,S,L,1
TCA,TCT,S,S,1
TCA,TCC,S,S,1
TCA,TCG,S,S,1
TCA,CCA,S,P,1
TCA,ACA,S,T,1
TCA,GCA,S,A,1
TCG,TTG,S,L,1
TCG,TCT,S,S,1
TCG,TCC,S,S,1
TCG,TCA,S,S,1
TCG,TGG,S,W,1
TCG,CCG,S,P,1
TCG,ACG,S,T,1
TCG,GCG,S,A,1
TAT,TTT,Y,F,1
TAT,TCT,Y,S,1
TAT,TAC,Y,Y,1
TAT,TGT,Y,C,1
TAT,CAT,Y,H,1
TAT,AAT,Y,N,1
TAT,GAT,Y,D,1
TAC,TTC,Y,F,1
TAC,TCC,Y,S,1
TAC,TAT,Y,Y,1
TAC,TGC,Y,C,1
TAC,CAC,Y,H,1
TAC,AAC,Y,N,1
TAC,GAC,Y,D,1
TGT,TTT,C,F,1
TGT,TCT,C,S,1
TGT,TAT,C,Y,1
TGT,TGC,C,C,1
TGT,TGG,C,W,1
TGT,CGT,C,R,1
TGT,AGT,C,S,1
TGT,GGT,C,G,1
TGC,TTC,C,F,1
TGC,TCC,C,S,1
TGC,TAC,C,Y,1
TGC,TGT,C,C,1
TGC,TGG,C,W,1
TGC,CGC,C,R,1
TGC,AGC,C,S,1
TGC,GGC,C,G,1
TGG,TTG,W,L,1
TGG,TCG,W,S,1
TGG,TGT,W,C,1
TGG,TGC,W,C,1
TGG,CGG,W,R,1
TGG,AGG,W,R,1
TGG,GGG,W,G,1
CTT,TTT,L,F,1
CTT,CTC,L,L,1
CTT,CTA,L,L,1
CTT,CTG,L,L,1
CTT,CCT,L,P,1
CTT,CAT,L,H,1
CTT,CGT,L,R,1
CTT,ATT,L,I,1
CTT,GTT,L,V,1
CTC,TTC,L,F,1
CTC,CTT,L,L,1
CTC,CTA,L,L,1
CTC,CTG,L,L,1
CTC,CCC,L,P,1
CTC,CAC,L,H,1
CTC,CGC,L,R,1
CTC,ATC,L,I,1
CTC,GTC,L,V,1
CTA,TTA,L,L,1
CTA,CTT,L,L,1
CTA,CTC,L,L,1
CTA,CTG,L,L,1
CTA,CCA,L,P,1
CTA,CAA,L,Q,1
CTA,CGA,L,R,1
CTA,ATA,L,I,1
CTA,GTA,L,V,1
CTG,TTG,L,L,1
CTG,CTT,L,L,1
CTG,CTC,L,L,1
CTG,CTA,L,L,1
CTG,CCG,L,P,1
CTG,CAG,L,Q,1
CTG,CGG,L,R,1
CTG,ATG,L,M,1
CTG,GTG,L,V,1
CCT,TCT,P,S,1
CCT,CTT,P,L,1
CCT,CCC,P,P,1
CCT,CCA,P,P,1
CCT,CCG,P,P,1
CCT,CAT,P,H,1
CCT,CGT,P,R,1
CCT,ACT,P,T,1
CCT,GCT,P,A,1
CCC,TCC,P,S,1
CCC,CTC,P,L,1
CCC,CCT,P,P,1
CCC,CCA,P,P,1
CCC,CCG,P,P,1
CCC,CAC,P,H,1
CCC,CGC,P,R,1
CCC,ACC,P,T,1
CCC,GCC,P,A,1
CCA,TCA,P,S,1
CCA,CTA,P,L,1
CCA,CCT,P,P,1
CCA,CCC,P,P,1
CCA,CCG,P,P,1
CCA,CAA,P,Q,1
CCA,CGA,P,R,1
CCA,ACA,P,T,1
CCA,GCA,P,A,1
CCG,TCG,P,S,1
CCG,CTG,P,L,1
CCG,CCT,P,P,1
CCG,CCC,P,P,1
CCG,CCA,P,P,1
CCG,CAG,P,Q,1
CCG,CGG,P,R,1
CCG,ACG,P,T,1
CCG,GCG,P,A,1
CAT,TAT,H,Y,1
CAT,CTT,H,L,1
CAT,CCT,H,P,1
CAT,CAC,H,H,1
CAT,CAA,H,Q,1
CAT,CAG,H,Q,1
CAT,CGT,H,R,1
CAT,AAT,H,N,1
CAT,GAT,H,D,1
CAC,TAC,H,Y,1
CAC,CTC,H,L,1
CAC,CCC,H,P,1
CAC,CAT,H,H,1
CAC,CAA,H,Q,1
CAC,CAG,H,Q,1
CAC,CGC,H,R,1
CAC,AAC,H,N,1
CAC,GAC,H,D,1
CAA,CTA,Q,L,1
CAA,CCA,Q,P,1
CAA,CAT,Q,H,1
CAA,CAC,Q,H,1
CAA,CAG,Q,Q,1
CAA,CGA,Q,R,1
CAA,AAA,Q,K,1
CAA,GAA,Q,E,1
CAG,CTG,Q,L,1
CAG,CCG,Q,P,1
CAG,CAT,Q,H,1
CAG,CAC,Q,H,1
CAG,CAA,Q,Q,1
CAG,CGG,Q,R,1
CAG,AAG,Q,K,1
CAG,GAG,Q,E,1
CGT,TGT,R,C,1
CGT,CTT,R,L,1
CGT,CCT,R,P,1
CGT,CAT,R,H,1
CGT,CGC,R,R,1
CGT,CGA,R,R,1
CGT,CGG,R,R,1
CGT,AGT,R,S,1
CGT,GGT,R,G,1
CGC,TGC,R,C,1
CGC,CTC,R,L,1
CGC,CCC,R,P,1
CGC,CAC,R,H,1
CGC,CGT,R,R,1
CGC,CGA,R,R,1
CGC,CGG,R,R,1
CGC,AGC,R,S,1
CGC,GGC,R,G,1
CGA,CTA,R,L,1
CGA,CCA,R,P,1
CGA,CAA,R,Q,1
CGA,CGT,R,R,1
CGA,CGC,R,R,1
CGA,CGG,R,R,1
CGA,AGA,R,R,1
CGA,GGA,R,G,1
CGG,TGG,R,W,1
CGG,CTG,R,L,1
CGG,CCG,R,P,1
CGG,CAG,R,Q,1
CGG,CGT,R,R,1
CGG,CGC,R,R,1
CGG,CGA,R,R,1
CGG,AGG,R,R,1
CGG,GGG,R,G,1
ATT,TTT,I,F,1
ATT,CTT,I,L,1
ATT,ATC,I,I,1
ATT,ATA,I,I,1
ATT,ATG,I,M,1
ATT,ACT,I,T,1
ATT,AAT,I,N,1
ATT,AGT,I,S,1
ATT,GTT,I,V,1
ATC,TTC,I,F,1
ATC,CTC,I,L,1
ATC,ATT,I,I,1
ATC,ATA,I,I,1
ATC,ATG,I,M,1
ATC,ACC,I,T,1
ATC,AAC,I,N,1
ATC,AGC,I,S,1
ATC,GTC,I,V,1
ATA,TTA,I,L,1
ATA,CTA,I,L,1
ATA,ATT,I,I,1
ATA,ATC,I,I,1
ATA,ATG,I,M,1
ATA,ACA,I,T,1
ATA,AAA,I,K,1
ATA,AGA,I,R,1
ATA,GTA,I,V,1
ATG,TTG,M,L,1
ATG,CTG,M,L,1
ATG,ATT,M,I,1
ATG,ATC,M,I,1
ATG,ATA,M,I,1
ATG,ACG,M,T,1
ATG,AAG,M,K,1
ATG,AGG,M,R,1
ATG,GTG,M,V,1
ACT,TCT,T,S,1
ACT,CCT,T,P,1
ACT,ATT,T,I,1
ACT,ACC,T,T,1
ACT,ACA,T,T,1
ACT,ACG,T,T,1
ACT,AAT,T,N,1
ACT,AGT,T,S,1
ACT,GCT,T,A,1
ACC,TCC,T,S,1
ACC,CCC,T,P,1
ACC,ATC,T,I,1
ACC,ACT,T,T,1
ACC,ACA,T,T,1
ACC,ACG,T,T,1
ACC,AAC,T,N,1
ACC,AGC,T,S,1
ACC,GCC,T,A,1
ACA,TCA,T,S,1
ACA,CCA,T,P,1
ACA,ATA,T,I,1
ACA,ACT,T,T,1
ACA,ACC,T,T,1
ACA,ACG,T,T,1
ACA,AAA,T,K,1
ACA,AGA,T,R,1
ACA,GCA,T,A,1
ACG,TCG,T,S,1
ACG,CCG,T,P,1
ACG,ATG,T,M,1
ACG,ACT,T,T,1
ACG,ACC,T,T,1
ACG,ACA,T,T,1
ACG,AAG,T,K,1
ACG,AGG,T,R,1
ACG,GCG,T,A,1
AAT,TAT,N,Y,1
AAT,CAT,N,H,1
AAT,ATT,N,I,1
AAT,ACT,N,T,1
AAT,AAC,N,N,1
AAT,AAA,N,K,1
AAT,AAG,N,K,1
AAT,AGT,N,S,1
AAT,GAT,N,D,1
AAC,TAC,N,Y,1
AAC,CAC,N,H,1
AAC,ATC,N,I,1
AAC,ACC,N,T,1
AAC,AAT,N,N,1
AAC,AAA,N,K,1
AAC,AAG,N,K,1
AAC,AGC,N,S,1
AAC,GAC,N,D,1
AAA,CAA,K,Q,1
AAA,ATA,K,I,1
AAA,ACA,K,T,1
AAA,AAT,K,N,1
AAA,AAC,K,N,1
AAA,AAG,K,K,1
AAA,AGA,K,R,1
AAA,GAA,K,E,1
AAG,CAG,K,Q,1
AAG,ATG,K,M,1
AAG,ACG,K,T,1
AAG,AAT,K,N,1
AAG,AAC,K,N,1
AAG,AAA,K,K,1
AAG,AGG,K,R,1
AAG,GAG,K,E,1
AGT,TGT,S,C,1
AGT,CGT,S,R,1
AGT,ATT,S,I,1
AGT,ACT,S,T,1
AGT,AAT,S,N,1
AGT,AGC,S,S,1
AGT,AGA,S,R,1
AGT,AGG,S,R,1
AGT,GGT,S,G,1
AGC,TGC,S,C,1
AGC,CGC,S,R,1
AGC,ATC,S,I,1
AGC,ACC,S,T,1
AGC,AAC,S,N,1
AGC,AGT,S,S,1
AGC,AGA,S,R,1
AGC,AGG,S,R,1
AGC,GGC,S,G,1
AGA,CGA,R,R,1
AGA,ATA,R,I,1
AGA,ACA,R,T,1
AGA,AAA,R,K,1
AGA,AGT,R,S,1
AGA,AGC,R,S,1
AGA,AGG,R,R,1
AGA,GGA,R,G,1
AGG,TGG,R,W,1
AGG,CGG,R,R,1
AGG,ATG,R,M,1
AGG,ACG,R,T,1
AGG,AAG,R,K,1
AGG,AGT,R,S,1
AGG,AGC,R,S,1
AGG,AGA,R,R,1
AGG,GGG,R,G,1
GTT,TTT,V,F,1
GTT,CTT,V,L,1
GTT,ATT,V,I,1
GTT,GTC,V,V,1
GTT,GTA,V,V,1
GTT,GTG,V,V,1
GTT,GCT,V,A,1
GTT,GAT,V,D,1
GTT,GGT,V,G,1
GTC,TTC,V,F,1
GTC,CTC,V,L,1
GTC,ATC,V,I,1
GTC,GTT,V,V,1
GTC,GTA,V,V,1
GTC,GTG,V,V,1
GTC,GCC,V,A,1
GTC,GAC,V,D,1
GTC,GGC,V,G,1
GTA,TTA,V,L,1
GTA,CTA,V,L,1
GTA,ATA,V,I,1
GTA,GTT,V,V,1
GTA,GTC,V,V,1
GTA,GTG,V,V,1
GTA,GCA,V,A,1
GTA,GAA,V,E,1
GTA,GGA,V,G,1
GTG,TTG,V,L,1
GTG,CTG,V,L,1
GTG,ATG,V,M,1
GTG,GTT,V,V,1
GTG,GTC,V,V,1
GTG,GTA,V,V,1
GTG,GCG,V,A,1
GTG,GAG,V,E,1
GTG,GGG,V,G,1
GCT,TCT,A,S,1
GCT,CCT,A,P,1
GCT,ACT,A,T,1
GCT,GTT,A,V,1
GCT,GCC,A,A,1
GCT,GCA,A,A,1
GCT,GCG,A,A,1
GCT,GAT,A,D,1
GCT,GGT,A,G,1
GCC,TCC,A,S,1
GCC,CCC,A,P,1
GCC,ACC,A,T,1
GCC,GTC,A,V,1
GCC,GCT,A,A,1
GCC,GCA,A,A,1
GCC,GCG,A,A,1
GCC,GAC,A,D,1
GCC,GGC,A,G,1
GCA,TCA,A,S,1
GCA,CCA,A,P,1
GCA,ACA,A,T,1
GCA,GTA,A,V,1
GCA,GCT,A,A,1
GCA,GCC,A,A,1
GCA,GCG,A,A,1
GCA,GAA,A,E,1
GCA,GGA,A,G,1
GCG,TCG,A,S,1
GCG,CCG,A,P,1
GCG,ACG,A,T,1
GCG,GTG,A,V,1
GCG,GCT,A,A,1
GCG,GCC,A,A,1
GCG,GCA,A,A,1
GCG,GAG,A,E,1
GCG,GGG,A,G,1
GAT,TAT,D,Y,1
GAT,CAT,D,H,1
GAT,AAT,D,N,1
GAT,GTT,D,V,1
GAT,GCT,D,A,1
GAT,GAC,D,D,1
GAT,GAA,D,E,1
GAT,GAG,D,E,1
GAT,GGT,D,G,1
GAC,TAC,D,Y,1
GAC,CAC,D,H,1
GAC,AAC,D,N,1
GAC,GTC,D,V,1
GAC,GCC,D,A,1
GAC,GAT,D,D,1
GAC,GAA,D,E,1
GAC,GAG,D,E,1
GAC,GGC,D,G,1
GAA,CAA,E,Q,1
GAA,AAA,E,K,1
GAA,GTA,E,V,1
GAA,GCA,E,A,1
GAA,GAT,E,D,1
GAA,GAC,E,D,1
GAA,GAG,E,E,1
GAA,GGA,E,G,1
GAG,CAG,E,Q,1
GAG,AAG,E,K,1
GAG,GTG,E,V,1
GAG,GCG,E,A,1
GAG,GAT,E,D,1
GAG,GAC,E,D,1
GAG,GAA,E,E,1
GAG,GGG,E,G,1
GGT,TGT,G,C,1
GGT,CGT,G,R,1
GGT,AGT,G,S,1
GGT,GTT,G,V,1
GGT,GCT,G,A,1
GGT,GAT,G,D,1
GGT,GGC,G,G,1
GGT,GGA,G,G,1
GGT,GGG,G,G,1
GGC,TGC,G,C,1
GGC,CGC,G,R,1
GGC,AGC,G,S,1
GGC,GTC,G,V,1
GGC,GCC,G,A,1
GGC,GAC,G,D,1
GGC,GGT,G,G,1
GGC,GGA,G,G,1
GGC,GGG,G,G,1
GGA,CGA,G,R,1
GGA,AGA,G,R,1
GGA,GTA,G,V,1
GGA,GCA,G,A,1
GGA,GAA,G,E,1
GGA,GGT,G,G,1
GGA,GGC,G,G,1
GGA,GGG,G,G,1
GGG,TGG,G,W,1
GGG,CGG,G,R,1
GGG,AGG,G,R,1
GGG,GTG,G,V,1
GGG,GCG,G,A,1
GGG,GAG,G,E,1
GGG,GGT,G,G,1
GGG,GGC,G,G,1
GGG,GGA,G,G,1
