job-id,chain,res-number,wild-type,mutant,distance-to-interface,mcsm-ppi2-prediction,affinity
158757667659,A,357,ALA,ARG,8.1,0.231,Increasing
158757673123,A,353,HIS,LYS,2.768,0.067,Increasing
158757678024,A,353,ALA,LYS,2.783,0.633,Increasing
158757682816,A,353,ASP,LYS,2.784,0.902,Increasing
158757687301,A,41,ALA,TYR,5.843,1.337,Increasing
158757690567,A,355,ALA,ASP,3.699,2.212,Increasing
158757695473,A,31,ASP,LYS,3.107,0.358,Increasing
158757773267,A,324,ALA,THR,5.88,0.364,Increasing
158757778218,A,559,SER,ARG,13.425,-0.092,Decreasing
158757782393,A,393,ALA,ARG,9.973,0.364,Increasing
158757788897,A,219,ASP,ARG,28.817,0.373,Increasing
158757792109,A,192,ASP,ARG,24.652,0.081,Increasing
158757794966,A,389,ALA,PRO,8.487,0.231,Increasing
158757798331,A,383,ALA,MET,9.778,-0.233,Decreasing
158757801316,A,359,LYS,LEU,13.243,-0.223,Decreasing
158757803721,A,359,ALA,LEU,13.598,0.646,Increasing
158757805883,A,68,ASP,LYS,10.644,-0.141,Decreasing
158757809261,A,309,ASP,LYS,15.474,-0.138,Decreasing
158757811753,A,239,GLN,HIS,50.039,0.178,Increasing
158757880352,A,273,GLN,ARG,34.196,0.235,Increasing
158757814136,A,603,THR,PHE,56.792,0.249,Increasing
158757816298,A,37,ALA,GLU,6.038,1.158,Increasing
158757819076,A,312,ALA,GLU,15.513,-0.005,Decreasing
15875782213,A,160,ARG,GLU,48.311,0.251,Increasing
158757823363,A,110,PRO,GLU,20.485,0.187,Increasing
158757825462,A,38,ALA,ASP,4.851,0.628,Increasing
158757828678,A,350,ALA,ASP,10.096,0.034,Increasing