chain,wild-type,res-number,mutant,distance-to-interface,mcsm-ppi2-prediction,affinity
A,LYS,309,ASP,13.071,-0.034,Decreasing
A,HIS,239,GLN,50.038,0.032,Increasing
A,GLU,37,ALA,3.369,-0.73,Decreasing
A,ARG,219,ASP,26.548,-0.025,Decreasing
A,LEU,359,ALA,13.566,-0.238,Decreasing
A,ARG,357,ALA,3.614,-1.17,Decreasing
A,LYS,353,ALA,2.549,-1.567,Decreasing
A,LYS,353,HIS,2.549,0.047,Increasing
A,ASP,350,ALA,9.235,-0.094,Decreasing
A,TYR,41,ALA,2.828,-1.5,Decreasing
A,LEU,359,LYS,13.566,-0.022,Decreasing
A,PRO,389,ALA,8.575,-0.077,Decreasing
A,LYS,353,ASP,2.549,-1.917,Decreasing
A,GLU,312,ALA,12.232,0.144,Increasing
A,ARG,273,GLN,32.071,0.145,Increasing
A,ARG,559,SER,12.03,-0.067,Decreasing
A,GLU,110,PRO,19.473,-0.123,Decreasing
A,ASP,38,ALA,3.016,-0.633,Decreasing
A,THR,324,ALA,5.806,-0.201,Decreasing
A,PHE,603,THR,56.801,-0.234,Decreasing
A,ASP,355,ALA,3.594,-1.802,Decreasing
A,LYS,31,ASP,3.569,-0.251,Decreasing
A,MET,383,ALA,9.388,0.096,Increasing
A,GLU,160,ARG,47.263,0.136,Increasing
A,ARG,393,ALA,4.41,-0.239,Decreasing
A,ARG,192,ASP,24.576,-0.223,Decreasing
A,LYS,68,ASP,8.626,-0.019,Decreasing
